<?xml version="1.0" encoding="UTF-8"?>

<!--
	x Newlines don't work!
	x Fontsize doesnt work!
	x Fontselector doesnt work!

	SYMBOL TAB
	 x <menclose> w/strikethrough doesnt work, displays a rectangle around the enclosed stuff
	 x Nabla/Inverted nabla symbols look weird
	 * Barely any difference between the quote symbols, all have the same spacing between them so it looks like a bunch of single quotes
	    \ - > possible bug: they insert single quotation marks but only advance the caret one position?
	 x Tilde ~ looks smaller than the rest
	 x Geometric symbols other than the first square and triangle look tiny and bad
	 x Circle with division inside looks smaller than the rest

	ARROW TAB
	 x <-|, both arrow + harpoon, topdown arrows, topdown harpoons, short horizontal arrows, return symbol 
	 x short dash, ellipses in general
	 x the rightwards arrow over small leftwards arrow and so on (last 6 buttons)

	GREEK AND SUCH TAB
	 x arabic numerals look tiny
	 x lowercase doublestruck look ugly
	 x lowercase script look ugly

	MATRICES TAB
	 x / ellipsis looks tiny and bad
	 x grouped equations (with { ) are not aligned to the left
	 x elementary doesnt work

	SCRIPTS AND LAYOUT TAB
	 x backspace doesnt work?
	 x small [beveled|regular] fraction doesnt work

	DECORATIONS TAB
	 x top/bottom curly brackets look excessively big
	 x enclosed and strikes don't get displayed and are replaced by a rectangle by default (default enclose works then), long division shows up as a sqrt

	BIGOPS TAB
	 x intersection buttons (rightmost section) look a smaller than the rest of bigops

	CALCULUS TAB
	 x double integral with circle looks tiny and bad
	 x nabla and increment symbol looks tiny and bad
-->

<toolbar ref="general">
	<tab ref="general">
		<removeItem ref="setColor" />
		<removeItem ref="setUnicode" />
		<removeItem ref="setFontFamily" />
		<removeItem ref="setFontSize" />
		<removeItem ref="rtl" />
		<removeItem ref="forceLigature" />
	</tab>

	<tab ref="symbols">
		<removeItem ref="negateOperator" />

		<removeItem ref="&#8710;" /> <!-- increment -->
		<removeItem ref="&#8711;" /> <!-- nabla -->
		
		<removeItem ref="&#8764;" /> <!-- tilde -->
		
		<removeItem ref="&#9675;" /> <!-- white circle -->
		<removeItem ref="&#x25ad;" /> <!-- white rectangle -->
		<removeItem ref="&#9649;" /> <!-- white parallelogram -->

		<removeItem ref="&#10808;" /> <!-- circled division sign -->
	</tab>

	<tab ref="arrows">
		<removeItem ref="&#8612;" /> <!-- leftwards arrow from bar -->
		<removeItem ref="&#8636;" /> <!-- left arrow harpoon up -->
		<removeItem ref="&#8640;" /> <!-- right arrow harpoon up -->
		<removeItem ref="&#x21bd;" /> <!-- left arrow harpoon down -->
		<removeItem ref="&#x21c1;" /> <!-- right arrow harpoon down -->
		<removeItem ref="&#x21c5;" /> <!-- up and down arrow -->
		<removeItem ref="&#x21f5;" /> <!-- down and up arrow -->
		<removeItem ref="&#x296e;" /> <!-- up and down harpoons -->
		<removeItem ref="&#x296f;" /> <!-- down and up harpoons -->
		<removeItem ref="&#x2942;" /> <!-- right over short left arrow -->
		<removeItem ref="&#x2944;" /> <!-- short right over left arrow -->
		<removeItem ref="&#8629;" /> <!-- carriage return -->
		
		<!-- ellipses -->
		<removeItem ref="&#x22ee;" />
		<removeItem ref="&#x2026;" />
		<removeItem ref="&#x22ef;" />
		<removeItem ref="&#x22f0;" />
		<removeItem ref="&#x22f1;" />
		
		<removeItem ref="&#x2010;" /> <!-- en dash -->
		
		<!-- subsup with short arrows -->
		<removeItem ref="rightArrowOverShortLeftWithOverScript" />
		<removeItem ref="rightArrowOverShortLeftWithUnderScript" />
		<removeItem ref="rightArrowOverShortLeftWithUnderAndOverScript" />
		<removeItem ref="shortRightArrowOverLeftWithOverScript" />
		<removeItem ref="shortRightArrowOverLeftWithUnderScript" />
		<removeItem ref="shortRightArrowOverLeftWithUnderAndOverScript" />
	</tab>

	<tab ref="greek">
		<removeItem ref="doubleStruckA" />
		<removeItem ref="doubleStruckB" />
		<removeItem ref="doubleStruckC" />
		<removeItem ref="doubleStruckD" />
		<removeItem ref="doubleStruckE" />
		<removeItem ref="doubleStruckF" />
		<removeItem ref="doubleStruckG" />
		<removeItem ref="doubleStruckH" />
		<removeItem ref="doubleStruckI" />
		<removeItem ref="doubleStruckJ" />
		<removeItem ref="doubleStruckK" />
		<removeItem ref="doubleStruckL" />
		<removeItem ref="doubleStruckM" />
		<removeItem ref="doubleStruckN" />
		<removeItem ref="doubleStruckO" />
		<removeItem ref="doubleStruckP" />
		<removeItem ref="doubleStruckQ" />
		<removeItem ref="doubleStruckR" />
		<removeItem ref="doubleStruckS" />
		<removeItem ref="doubleStruckT" />
		<removeItem ref="doubleStruckU" />
		<removeItem ref="doubleStruckV" />
		<removeItem ref="doubleStruckW" />
		<removeItem ref="doubleStruckX" />
		<removeItem ref="doubleStruckY" />
		<removeItem ref="doubleStruckZ" />

		<removeItem ref="scriptA" />
		<removeItem ref="scriptB" />
		<removeItem ref="scriptC" />
		<removeItem ref="scriptD" />
		<removeItem ref="scriptE" />
		<removeItem ref="scriptF" />
		<removeItem ref="scriptG" />
		<removeItem ref="scriptH" />
		<removeItem ref="scriptI" />
		<removeItem ref="scriptJ" />
		<removeItem ref="scriptK" />
		<removeItem ref="scriptL" />
		<removeItem ref="scriptM" />
		<removeItem ref="scriptN" />
		<removeItem ref="scriptO" />
		<removeItem ref="scriptP" />
		<removeItem ref="scriptQ" />
		<removeItem ref="scriptR" />
		<removeItem ref="scriptS" />
		<removeItem ref="scriptT" />
		<removeItem ref="scriptU" />
		<removeItem ref="scriptV" />
		<removeItem ref="scriptW" />
		<removeItem ref="scriptX" />
		<removeItem ref="scriptY" />
		<removeItem ref="scriptZ" />
		
		<removeItem ref="arabicIndicNumbers" />
		<removeItem ref="easternArabicIndicNumbers" />
	</tab>

	<tab ref="matrices">
		<!-- TODO -->
		<removeItem ref="3RowsStackWithLineAndPlusSign" />
		<removeItem ref="longDivision" />
		<removeItem ref="3RowsStackWithLine" />
		<removeItem ref="3RowsStackWithLineAndMinusSign" />
		<removeItem ref="3RowsStackWithLineAndMultiplicationSign" />
		<removeItem ref="longDivisionShortStackedRightRight" />
		<removeItem ref="longDivisionShortStackedRightRightWithRemainder" />
		<removeItem ref="longDivisionWithRemainder" />
		
		<!-- grouped equations aren't aligned properly -->
		<removeItem ref="lCurlyColumn" />
		<removeItem ref="rCurlyColumn" />
		<removeItem ref="piecewiseFunction" />
		<removeItem ref="equationAlign" />
		
		<removeItem ref="&#x22f0;" /> <!-- up-right ellipsis -->
	</tab>

	<tab ref="scriptsAndLayout">
		<removeItem ref="backSpace" />
		<removeItem ref="smallFraction" />
		<removeItem ref="smallBevelledFraction" />

		<removeItem ref="arabicIndicNumbers" />
		<removeItem ref="easternArabicIndicNumbers" />
	</tab>

	<tab ref="bracketsAndAccents">
		<removeItem ref="encloseTop" />
		<removeItem ref="encloseBottom" />
		<removeItem ref="encloseLeft" />
		<removeItem ref="encloseRight" />
		<removeItem ref="encloseCircle" />
		<removeItem ref="encloseActuarial" />
		<removeItem ref="encloseRoundedBox" />
		<removeItem ref="upDiagonalStrike" />
		<removeItem ref="downDiagonalStrike" />
		<removeItem ref="horizontalStrike" />
		<removeItem ref="upAndDownDiagonalStrike" />
		<removeItem ref="verticalStrike" />
		<removeItem ref="horizontalAndVerticalStrike" />
		<removeItem ref="encloseLongDivision" />
	</tab>

	<tab ref="bigOps">
		<removeItem ref="sumSubsuperscript" />
		<removeItem ref="sumSubscript" />
		<removeItem ref="productSubsuperscript" />
		<removeItem ref="productSubscript" />
		<removeItem ref="bigOpSubsuperscript" />
		<removeItem ref="bigOpSubscript" />

		<removeItem ref="bigCap" />
		<removeItem ref="bigCup" />
		<removeItem ref="bigSqCap" />
		<removeItem ref="bigSqCup" />
		<removeItem ref="bigProd" />
		<removeItem ref="bigCoProd" />
		<removeItem ref="bigSum" />
		
		<section>
			<item ref="bigProd" />
			<item ref="bigCoProd" />
			<item ref="bigSum" />
		</section>
	</tab>

	<tab ref="calculus">
		<removeItem ref="curl" />
		<removeItem ref="divergence" />
		<removeItem ref="gradient" />
		<removeItem ref="laplacian" />
		<removeItem ref="&#8751;" /> <!-- double contour integral -->
		<removeItem ref="&#8752;" /> <!-- triple contour integral -->
	</tab>

	<tab ref="contextual">
		<removeItem ref="stretchy" />

		<removeItem ref="nudgeUp" />
		<removeItem ref="nudgeDown" />
		<removeItem ref="nudgeLeft" />
		<removeItem ref="nudgeRight" />

		<removeItem ref="addFrame" />
		<removeItem ref="removeFrame" />
		<removeItem ref="matrixSolidLine" />
		<removeItem ref="addLineBelow" />
		<removeItem ref="addLineRight" />
		<removeItem ref="matrixDashLine" />
		<removeItem ref="removeLineBelow" />
		<removeItem ref="removeLineRight" />
		<removeItem ref="addFrameTop" />
		<removeItem ref="addFrameBottom" />
		<removeItem ref="addFrameLeft" />
		<removeItem ref="addFrameRight" />
		<removeItem ref="matrixThickLine" />
		<removeItem ref="matrixDotLine" />
		<removeItem ref="setBorderColor" />

		<removeItem ref="alignLeft" />
		<removeItem ref="alignCenter" />
		<removeItem ref="alignRight" />
		<removeItem ref="alignRowsTop" />
		<removeItem ref="alignRowsCenter" />
		<removeItem ref="alignRowsBottom" />
		<removeItem ref="alignRowsBaseline" />
		<removeItem ref="alignRowsAxis" />
		<removeItem ref="alignDecimal" />
		<removeItem ref="alignRelation" />

		<removeItem ref="equalRowHeight" />
		<removeItem ref="equalColWidth" />

		<removeItem ref="setColumnSpacing" />
		<removeItem ref="setRowSpacing" />
	</tab>
</toolbar>
